{"cameraMode":{"drawMode":0,"name":"Shaded","section":"Shading Mode"},"sceneLighting":false,"audioPlay":false,"sceneViewState":{"showFog":true,"showMaterialUpdate":false,"showSkybox":false,"showFlares":true,"showImageEffects":true,"showParticleSystems":true},"in2DMode":false,"pivot":{"x":-2.9104976654052736,"y":-0.9047126770019531,"z":12.832500457763672},"rotation":{"x":-0.2020370215177536,"y":0.2302277535200119,"z":-0.04891547933220863,"w":-0.9506884217262268},"size":77.44584655761719,"orthographic":false}