{"cameraMode":{"drawMode":0,"name":"Shaded","section":"Shading Mode"},"sceneLighting":false,"audioPlay":false,"sceneViewState":{"showFog":true,"showMaterialUpdate":false,"showSkybox":false,"showFlares":true,"showImageEffects":true,"showParticleSystems":true},"in2DMode":false,"pivot":{"x":9.084243774414063,"y":58.00349807739258,"z":12.0594482421875},"rotation":{"x":-0.003480486338958144,"y":0.9874854683876038,"z":-0.1562187671661377,"w":-0.021927528083324434},"size":1817.5758056640625,"orthographic":false}