{"cameraMode":{"drawMode":0,"name":"Shaded","section":"Shading Mode"},"sceneLighting":false,"audioPlay":false,"sceneViewState":{"showFog":true,"showMaterialUpdate":false,"showSkybox":false,"showFlares":true,"showImageEffects":true,"showParticleSystems":true},"in2DMode":false,"pivot":{"x":-23.5382137298584,"y":-108.78746795654297,"z":-264.55682373046877},"rotation":{"x":-0.04530541971325874,"y":0.7961161136627197,"z":-0.06006873399019241,"w":-0.6004492044448853},"size":5.048880577087402,"orthographic":false}