{"cameraMode":{"drawMode":0,"name":"Shaded","section":"Shading Mode"},"sceneLighting":false,"audioPlay":false,"sceneViewState":{"showFog":true,"showMaterialUpdate":false,"showSkybox":false,"showFlares":true,"showImageEffects":true,"showParticleSystems":true},"in2DMode":false,"pivot":{"x":0.40726661682128909,"y":0.2205677628517151,"z":-0.30504798889160159},"rotation":{"x":-0.003480486338958144,"y":0.9874854683876038,"z":-0.1562187671661377,"w":-0.021927528083324434},"size":1.4926888942718506,"orthographic":false}